specialty_id,specialty_name,minimum_total_gme_years,representative_total_gme_years,task_wrvu_per_total_physician_hour,nih_grants_per_active_physician_per_year,nih_funding_thousand_usd_per_active_physician_per_year,private_practice_percent,average_total_compensation_usd,physicians_per_1000_relevant_patients,candidates_per_position,female_resident_percent,procedure_profile,procedure_intensity
allergy-and-immunology,"Allergy and Immunology",5.000000000,5.000000000,2.451100111,6.3000001013e-2,31.39999962,39.20000076,368000.0000,6.1839506173e-2,1.361581921,64.91228100,predominantly-clinical,0.000000000
anesthesiology,"Anesthesiology",4.000000000,4.000000000,2.451100111,9.1000003740e-3,3.500000000,46.40000153,570000.0000,0.8400000000,1.304366812,37.70132700,procedure-dominant,1.000000000
colon-and-rectal-surgery,"Colon and Rectal Surgery",6.000000000,6.000000000,2.502799988,3.2000001520e-2,12.69999981,51.20000076,513000.0000,0.5040000000,1.413223140,42.24137900,procedure-dominant,1.000000000
dermatology,"Dermatology",4.000000000,4.000000000,2.200000048,1.8999999389e-2,6.500000000,43.59999847,536000.0000,0.1479289941,1.825581395,65.29653600,mixed-procedural-clinical,0.5000000000
emergency-medicine,"Emergency Medicine",3.000000000,3.000000000,2.451100111,3.1000000890e-3,1.399999976,33.20000076,440000.0000,0.3351716738,1.008130081,43.98721100,mixed-procedural-clinical,0.5000000000
family-medicine,"Family Medicine",3.000000000,3.000000000,2.451100111,1.7999999691e-3,0.8000000119,42.20000076,314000.0000,0.3574600783,0.8530322346,56.03989900,predominantly-clinical,0.000000000
internal-medicine,"Internal Medicine",3.000000000,3.000000000,2.451100111,6.3000001013e-2,31.39999962,38.90000153,327000.0000,0.4659001161,1.266936039,46.70982300,predominantly-clinical,0.000000000
medical-genetics-and-genomics,"Medical Genetics and Genomics",4.000000000,4.000000000,2.451100111,0.1120000035,47.79999924,43.59999847,240000.0000,5.3333333333e-2,0.4750000000,60.34482800,predominantly-clinical,0.000000000
clinical-biochemical-genetics,"Clinical Biochemical Genetics",2.000000000,2.000000000,2.451100111,0.1120000035,47.79999924,43.59999847,240000.0000,5.3333333333e-2,0.4750000000,50.00000000,predominantly-clinical,0.000000000
laboratory-genetics-and-genomics,"Laboratory Genetics and Genomics",2.000000000,2.000000000,2.451100111,0.1120000035,47.79999924,43.59999847,240000.0000,5.3333333333e-2,0.4750000000,60.00000000,predominantly-clinical,0.000000000
neurological-surgery,"Neurological Surgery",7.000000000,7.000000000,2.913100004,5.4999999702e-2,20.50000000,51.20000076,988000.0000,0.1970000000,1.714285714,27.36318400,procedure-dominant,1.000000000
neurology,"Neurology",4.000000000,4.000000000,3.345799923,1.4999999665e-2,5.800000191,51.20000076,370000.0000,0.1970000000,1.340476190,50.62079700,predominantly-clinical,0.000000000
child-neurology,"Child Neurology",5.000000000,5.000000000,3.345799923,1.4999999665e-2,5.800000191,51.20000076,370000.0000,0.1970000000,1.024691358,65.12096800,predominantly-clinical,0.000000000
nuclear-medicine,"Nuclear Medicine",4.000000000,4.000000000,3.119999886,2.5000000373e-2,10.30000019,43.59999847,376000.0000,0.3875000000,0.9771793943,45.71428600,predominantly-clinical,0.000000000
obstetrics-and-gynecology,"Obstetrics and Gynecology",4.000000000,4.000000000,3.734400034,9.9999997765e-3,4.099999905,46.29999924,410000.0000,0.2517857143,1.151404151,88.82007800,procedure-dominant,1.000000000
ophthalmology,"Ophthalmology",4.000000000,4.000000000,3.500000000,3.2000001520e-2,12.69999981,70.40000153,553000.0000,0.2037419355,0.9771793943,42.78495200,procedure-dominant,1.000000000
orthopaedic-surgery,"Orthopaedic Surgery",5.000000000,5.000000000,3.144399881,1.2000000104e-2,3.900000095,54.00000000,801000.0000,0.1609105181,1.659397715,23.93143800,procedure-dominant,1.000000000
osteopathic-neuromusculoskeletal-medicine,"Osteopathic Neuromusculoskeletal Medicine",1.000000000,3.000000000,2.451100111,1.2000000104e-2,3.900000095,43.59999847,242000.0000,0.3574600783,0.3000000000,36.55914000,mixed-procedural-clinical,0.5000000000
otolaryngology-head-and-neck-surgery,"Otolaryngology - Head and Neck Surgery",5.000000000,5.000000000,2.349999905,3.4000001848e-2,11.60000038,51.20000076,613000.0000,0.1200000000,1.439205955,45.37234000,procedure-dominant,1.000000000
pathology-anatomic-and-clinical,"Pathology - Anatomic and Clinical",4.000000000,4.000000000,2.451100111,0.1120000035,47.79999924,43.59999847,409000.0000,6.3272069901e-2,1.504716981,55.65917800,predominantly-clinical,0.000000000
pediatrics,"Pediatrics",3.000000000,3.000000000,2.599999905,2.9999999329e-2,13.60000038,38.09999847,265000.0000,0.8260958904,0.9485086342,75.61627000,predominantly-clinical,0.000000000
physical-medicine-and-rehabilitation,"Physical Medicine and Rehabilitation",4.000000000,4.000000000,2.451100111,1.2000000104e-2,3.900000095,43.59999847,348000.0000,0.1639344262,1.377703827,36.91796000,mixed-procedural-clinical,0.5000000000
plastic-surgery,"Plastic Surgery",6.000000000,6.000000000,2.502799988,2.3000000510e-4,0.1000000015,51.20000076,725000.0000,0.5040000000,0.9771793943,36.08247400,procedure-dominant,1.000000000
plastic-surgery-integrated,"Plastic Surgery - Integrated",6.000000000,6.000000000,2.502799988,2.3000000510e-4,0.1000000015,51.20000076,725000.0000,0.5040000000,1.765217391,60.00000000,procedure-dominant,1.000000000
public-health-and-general-preventive-medicine,"Public Health and General Preventive Medicine",2.000000000,3.000000000,2.451100111,1.7999999691e-3,0.8000000119,43.59999847,365000.0000,1.8077734257e-2,0.9682539683,61.53846200,predominantly-clinical,0.000000000
aerospace-medicine,"Aerospace Medicine",2.000000000,3.000000000,2.451100111,1.7999999691e-3,0.8000000119,43.59999847,365000.0000,1.8077734257e-2,0.9771793943,23.52941200,predominantly-clinical,0.000000000
occupational-and-environmental-medicine,"Occupational and Environmental Medicine",2.000000000,3.000000000,2.451100111,1.7999999691e-3,0.8000000119,43.59999847,365000.0000,1.8077734257e-2,0.8780487805,37.50000000,predominantly-clinical,0.000000000
psychiatry,"Psychiatry",4.000000000,4.000000000,2.450000048,5.0000000745e-2,21.70000076,45.20000076,351000.0000,0.7067796610,1.141494436,53.50971300,predominantly-clinical,0.000000000
radiation-oncology,"Radiation Oncology",5.000000000,5.000000000,1.994300008,2.5000000373e-2,10.30000019,43.59999847,647000.0000,0.2389000000,1.187165775,37.91208800,mixed-procedural-clinical,0.5000000000
diagnostic-radiology,"Diagnostic Radiology",5.000000000,5.000000000,3.119999886,2.5000000373e-2,10.30000019,46.90000153,691000.0000,0.3875000000,1.119085174,29.26470600,mixed-procedural-clinical,0.5000000000
interventional-radiology-independent,"Interventional Radiology - Independent",7.000000000,7.000000000,3.119999886,2.5000000373e-2,10.30000019,46.90000153,691000.0000,0.3875000000,0.6712328767,14.90683200,procedure-dominant,1.000000000
interventional-radiology-integrated,"Interventional Radiology - Integrated",6.000000000,6.000000000,3.119999886,2.5000000373e-2,10.30000019,46.90000153,691000.0000,0.3875000000,1.126530612,23.79778100,procedure-dominant,1.000000000
general-surgery,"General Surgery",5.000000000,5.000000000,2.502799988,3.2000001520e-2,12.69999981,31.70000076,513000.0000,0.5040000000,1.527393470,50.14472500,procedure-dominant,1.000000000
vascular-surgery-integrated,"Vascular Surgery - Integrated",5.000000000,5.000000000,2.502799988,3.2000001520e-2,12.69999981,51.20000076,513000.0000,0.4235294118,1.500000000,39.91228100,procedure-dominant,1.000000000
thoracic-surgery-independent,"Thoracic Surgery - Independent",7.000000000,7.000000000,2.502799988,3.2000001520e-2,12.69999981,51.20000076,513000.0000,0.5040000000,1.731958763,27.16535400,procedure-dominant,1.000000000
thoracic-surgery-integrated,"Thoracic Surgery - Integrated",6.000000000,6.000000000,2.502799988,3.2000001520e-2,12.69999981,51.20000076,513000.0000,0.5040000000,1.589285714,36.12167300,procedure-dominant,1.000000000
urology,"Urology",5.000000000,5.000000000,3.345799923,1.4999999665e-2,5.800000191,51.20000076,639000.0000,0.3054848485,0.9771793943,36.37311100,procedure-dominant,1.000000000
internal-medicine-pediatrics,"Internal Medicine/Pediatrics",4.000000000,4.000000000,2.599999905,2.9999999329e-2,13.60000038,38.09999847,265000.0000,0.8260958904,1.158415842,63.66580300,predominantly-clinical,0.000000000
adult-cardiothoracic-anesthesiology,"Adult Cardiothoracic Anesthesiology",5.000000000,5.000000000,2.451100111,9.1000003740e-3,3.500000000,46.40000153,570000.0000,0.8400000000,1.304366812,33.96946600,procedure-dominant,1.000000000
anesthesiology-critical-care-medicine,"Anesthesiology Critical Care Medicine",5.000000000,5.000000000,2.451100111,9.1000003740e-3,3.500000000,46.40000153,570000.0000,0.8400000000,1.304366812,39.77272700,procedure-dominant,1.000000000
obstetric-anesthesiology,"Obstetric Anesthesiology",5.000000000,5.000000000,3.734400034,9.1000003740e-3,3.500000000,46.40000153,570000.0000,0.8400000000,1.304366812,69.04761900,procedure-dominant,1.000000000
pain-medicine,"Pain Medicine",4.000000000,5.000000000,2.451100111,1.2000000104e-2,3.900000095,43.59999847,348000.0000,0.1531007752,0.9102564103,22.16867500,procedure-dominant,1.000000000
pediatric-anesthesiology,"Pediatric Anesthesiology",5.000000000,5.000000000,2.599999905,9.1000003740e-3,3.500000000,46.40000153,570000.0000,0.8260958904,1.304366812,51.70068000,procedure-dominant,1.000000000
pediatric-cardiac-anesthesiology,"Pediatric Cardiac Anesthesiology",5.000000000,5.000000000,2.599999905,9.1000003740e-3,3.500000000,46.40000153,570000.0000,0.8400000000,1.304366812,36.36363600,procedure-dominant,1.000000000
regional-anesthesiology-and-acute-pain-medicine,"Regional Anesthesiology and Acute Pain Medicine",5.000000000,5.000000000,2.451100111,9.1000003740e-3,3.500000000,46.40000153,570000.0000,0.8400000000,1.304366812,46.15384600,procedure-dominant,1.000000000
dermatopathology,"Dermatopathology",5.000000000,5.000000000,2.200000048,0.1120000035,47.79999924,43.59999847,536000.0000,6.3272069901e-2,0.9771793943,50.70422500,predominantly-clinical,0.000000000
micrographic-surgery-and-dermatologic-oncology,"Micrographic Surgery and Dermatologic Oncology",5.000000000,5.000000000,2.200000048,1.8999999389e-2,6.500000000,51.20000076,536000.0000,0.1479289941,1.825581395,50.51546400,procedure-dominant,1.000000000
pediatric-dermatology,"Pediatric Dermatology",5.000000000,5.000000000,2.200000048,2.9999999329e-2,13.60000038,38.09999847,536000.0000,0.8260958904,1.825581395,82.35294100,predominantly-clinical,0.000000000
emergency-medical-services,"Emergency Medical Services",4.000000000,4.000000000,2.451100111,6.3000001013e-2,31.39999962,33.20000076,440000.0000,0.3351716738,0.8680555556,28.84615400,mixed-procedural-clinical,0.5000000000
medical-toxicology,"Medical Toxicology",5.000000000,5.000000000,2.451100111,6.3000001013e-2,31.39999962,33.20000076,440000.0000,0.2325000000,0.8333333333,39.25233600,predominantly-clinical,0.000000000
pediatric-emergency-medicine,"Pediatric Emergency Medicine",5.000000000,5.000000000,2.599999905,2.9999999329e-2,13.60000038,38.09999847,265000.0000,0.8260958904,0.9442231076,70.06369400,mixed-procedural-clinical,0.5000000000
sports-medicine,"Sports Medicine",4.000000000,4.000000000,3.144399881,1.2000000104e-2,3.900000095,43.59999847,801000.0000,0.1609105181,1.269417476,33.58396000,mixed-procedural-clinical,0.5000000000
undersea-and-hyperbaric-medicine,"Undersea and Hyperbaric Medicine",4.000000000,4.000000000,2.451100111,6.3000001013e-2,31.39999962,33.20000076,440000.0000,0.3574600783,0.9771793943,44.44444400,predominantly-clinical,0.000000000
clinical-informatics,"Clinical Informatics",4.000000000,5.000000000,2.451100111,6.3000001013e-2,31.39999962,43.59999847,327000.0000,0.3574600783,0.9771793943,29.80132500,predominantly-clinical,0.000000000
geriatric-medicine,"Geriatric Medicine",4.000000000,4.000000000,2.451100111,6.3000001013e-2,31.39999962,39.20000076,327000.0000,0.1297577855,0.4948453608,65.97222200,predominantly-clinical,0.000000000
hospice-and-palliative-medicine,"Hospice and Palliative Medicine",4.000000000,4.000000000,2.451100111,6.3000001013e-2,31.39999962,39.20000076,327000.0000,0.3574600783,0.9435146444,62.76150600,predominantly-clinical,0.000000000
cardiology,"Cardiology (Cardiovascular Disease)",6.000000000,6.000000000,2.973500013,6.3000001013e-2,31.39999962,30.70000076,634000.0000,0.3574600783,1.266936039,30.29012500,mixed-procedural-clinical,0.5000000000
adult-congenital-heart-disease,"Adult Congenital Heart Disease",8.000000000,8.000000000,2.973500013,6.3000001013e-2,31.39999962,30.70000076,634000.0000,0.1740578577,1.040000000,46.66666700,mixed-procedural-clinical,0.5000000000
advanced-heart-failure-and-transplant-cardiology,"Advanced Heart Failure and Transplant Cardiology",7.000000000,7.000000000,2.973500013,6.3000001013e-2,31.39999962,30.70000076,634000.0000,0.1740578577,0.6929133858,43.82022500,mixed-procedural-clinical,0.5000000000
cardiac-electrophysiology,"Clinical Cardiac Electrophysiology",8.000000000,8.000000000,2.973500013,6.3000001013e-2,31.39999962,30.70000076,634000.0000,0.2175206612,1.266936039,13.79310300,procedure-dominant,1.000000000
interventional-cardiology,"Interventional Cardiology",7.000000000,7.000000000,2.973500013,6.3000001013e-2,31.39999962,30.70000076,634000.0000,0.2238805970,0.8045602606,18.23204400,procedure-dominant,1.000000000
internal-medicine-critical-care-medicine,"Internal Medicine Critical Care Medicine",5.000000000,5.000000000,2.451100111,6.3000001013e-2,31.39999962,39.20000076,327000.0000,2.280701754,1.814049587,33.16062200,mixed-procedural-clinical,0.5000000000
endocrinology-diabetes-and-metabolism,"Endocrinology, Diabetes, and Metabolism",5.000000000,5.000000000,2.451100111,6.3000001013e-2,31.39999962,39.20000076,320000.0000,0.2000000000,1.216080402,69.62190400,predominantly-clinical,0.000000000
gastroenterology,"Gastroenterology",6.000000000,6.000000000,2.868000031,6.3000001013e-2,31.39999962,39.20000076,626000.0000,0.2766666667,1.642951252,40.58577400,procedure-dominant,1.000000000
hematology-and-medical-oncology,"Hematology and Medical Oncology",6.000000000,6.000000000,2.400000095,6.3000001013e-2,31.39999962,39.20000076,587000.0000,0.8357500000,1.467243511,45.71179800,predominantly-clinical,0.000000000
infectious-disease,"Infectious Disease",5.000000000,5.000000000,2.451100111,6.3000001013e-2,31.39999962,39.20000076,321000.0000,0.2325000000,0.7136465324,50.25125600,predominantly-clinical,0.000000000
interventional-pulmonology,"Interventional Pulmonology",6.000000000,6.000000000,2.451100111,6.3000001013e-2,31.39999962,43.59999847,484000.0000,0.3574600783,1.294117647,20.58823500,procedure-dominant,1.000000000
medical-oncology,"Medical Oncology",5.000000000,6.000000000,2.400000095,6.3000001013e-2,31.39999962,39.20000076,638000.0000,0.2389000000,15.33333333,40.00000000,predominantly-clinical,0.000000000
nephrology,"Nephrology",5.000000000,5.000000000,2.451100111,6.3000001013e-2,31.39999962,39.20000076,385000.0000,0.3098591549,0.7704590818,39.83644900,predominantly-clinical,0.000000000
pulmonary-disease,"Pulmonary Disease",5.000000000,5.000000000,2.451100111,6.3000001013e-2,31.39999962,39.20000076,484000.0000,0.3571428571,5.333333333,38.70967700,mixed-procedural-clinical,0.5000000000
pulmonary-disease-and-critical-care-medicine,"Pulmonary Disease and Critical Care Medicine",6.000000000,6.000000000,2.451100111,6.3000001013e-2,31.39999962,39.20000076,484000.0000,2.280701754,1.495260664,39.99181300,mixed-procedural-clinical,0.5000000000
rheumatology,"Rheumatology",5.000000000,5.000000000,2.451100111,6.3000001013e-2,31.39999962,39.20000076,318000.0000,0.1158088235,1.274834437,63.89830500,predominantly-clinical,0.000000000
sleep-medicine,"Sleep Medicine",4.000000000,4.000000000,2.451100111,6.3000001013e-2,31.39999962,39.20000076,327000.0000,0.1071428571,1.198198198,53.16455700,predominantly-clinical,0.000000000
transplant-hepatology,"Transplant Hepatology",7.000000000,7.000000000,2.868000031,6.3000001013e-2,31.39999962,39.20000076,459000.0000,0.2766666667,1.642951252,53.65853700,predominantly-clinical,0.000000000
medical-biochemical-genetics,"Medical Biochemical Genetics",5.000000000,5.000000000,2.451100111,0.1120000035,47.79999924,43.59999847,240000.0000,5.3333333333e-2,0.4750000000,72.22222200,predominantly-clinical,0.000000000
molecular-genetic-pathology,"Molecular Genetic Pathology",5.000000000,5.000000000,2.451100111,0.1120000035,47.79999924,43.59999847,240000.0000,6.3272069901e-2,0.8490566038,41.93548400,predominantly-clinical,0.000000000
clinical-neurophysiology,"Clinical Neurophysiology",5.000000000,5.000000000,2.451100111,9.2000000179e-2,44.29999924,43.59999847,370000.0000,0.1970000000,1.194444444,52.86624200,predominantly-clinical,0.000000000
epilepsy,"Epilepsy",5.000000000,5.000000000,2.451100111,9.2000000179e-2,44.29999924,43.59999847,370000.0000,0.1970000000,0.8586956522,54.38596500,predominantly-clinical,0.000000000
neurocritical-care,"Neurocritical Care",5.000000000,6.000000000,2.451100111,9.2000000179e-2,44.29999924,39.20000076,370000.0000,2.280701754,0.9771793943,42.18750000,mixed-procedural-clinical,0.5000000000
neurodevelopmental-disabilities,"Neurodevelopmental Disabilities",6.000000000,6.000000000,2.451100111,9.2000000179e-2,44.29999924,43.59999847,327000.0000,0.1970000000,1.024691358,77.77777800,predominantly-clinical,0.000000000
neuromuscular-medicine,"Neuromuscular Medicine",4.000000000,5.000000000,2.451100111,9.2000000179e-2,44.29999924,43.59999847,370000.0000,0.1970000000,0.9771793943,54.76190500,mixed-procedural-clinical,0.5000000000
vascular-neurology,"Vascular Neurology",5.000000000,5.000000000,3.345799923,1.4999999665e-2,5.800000191,51.20000076,370000.0000,0.1970000000,0.8559322034,43.54838700,predominantly-clinical,0.000000000
complex-family-planning,"Complex Family Planning",6.000000000,6.000000000,3.734400034,9.9999997765e-3,4.099999905,46.29999924,410000.0000,0.2517857143,0.7631578947,98.48484800,procedure-dominant,1.000000000
gynecologic-oncology,"Gynecologic Oncology",7.000000000,7.000000000,3.734400034,9.9999997765e-3,4.099999905,46.29999924,410000.0000,0.2517857143,1.125000000,79.61538500,procedure-dominant,1.000000000
maternal-fetal-medicine,"Maternal-Fetal Medicine",7.000000000,7.000000000,3.734400034,9.9999997765e-3,4.099999905,46.29999924,410000.0000,0.2517857143,0.9819277108,80.22471900,mixed-procedural-clinical,0.5000000000
reproductive-endocrinology-and-infertility,"Reproductive Endocrinology and Infertility",7.000000000,7.000000000,2.451100111,9.9999997765e-3,4.099999905,46.29999924,410000.0000,0.2517857143,1.237288136,80.43478300,procedure-dominant,1.000000000
urogynecology-and-reconstructive-pelvic-surgery,"Urogynecology and Reconstructive Pelvic Surgery",7.000000000,7.000000000,3.734400034,9.9999997765e-3,4.099999905,46.29999924,410000.0000,0.2517857143,1.378378378,82.24299100,procedure-dominant,1.000000000
ophthalmic-plastic-and-reconstructive-surgery,"Ophthalmic Plastic and Reconstructive Surgery",6.000000000,6.000000000,3.500000000,3.2000001520e-2,12.69999981,70.40000153,553000.0000,0.2037419355,0.9771793943,100.0000000,procedure-dominant,1.000000000
adult-reconstructive-orthopaedics,"Adult Reconstructive Orthopaedics",6.000000000,6.000000000,3.144399881,1.2000000104e-2,3.900000095,54.00000000,801000.0000,0.1609105181,1.659397715,5.660377000,procedure-dominant,1.000000000
foot-and-ankle-orthopaedics,"Foot and Ankle Orthopaedics",6.000000000,6.000000000,3.144399881,1.2000000104e-2,3.900000095,54.00000000,801000.0000,0.1609105181,1.659397715,15.38461500,procedure-dominant,1.000000000
hand-surgery,"Hand Surgery",6.000000000,6.000000000,3.144399881,1.2000000104e-2,3.900000095,54.00000000,801000.0000,0.1609105181,0.9154228856,50.29197100,procedure-dominant,1.000000000
musculoskeletal-oncology,"Musculoskeletal Oncology",6.000000000,6.000000000,2.451100111,1.2000000104e-2,3.900000095,43.59999847,801000.0000,0.2389000000,1.659397715,38.46153800,procedure-dominant,1.000000000
orthopaedic-sports-medicine,"Orthopaedic Sports Medicine",6.000000000,6.000000000,3.144399881,1.2000000104e-2,3.900000095,54.00000000,801000.0000,0.1609105181,1.659397715,12.61682200,procedure-dominant,1.000000000
orthopaedic-surgery-of-the-spine,"Orthopaedic Surgery of the Spine",6.000000000,6.000000000,3.144399881,1.2000000104e-2,3.900000095,54.00000000,801000.0000,0.1609105181,1.659397715,0.000000000,procedure-dominant,1.000000000
orthopaedic-trauma,"Orthopaedic Trauma",6.000000000,6.000000000,3.144399881,1.2000000104e-2,3.900000095,54.00000000,801000.0000,0.1609105181,1.659397715,42.10526300,procedure-dominant,1.000000000
pediatric-orthopaedics,"Pediatric Orthopaedics",6.000000000,6.000000000,3.144399881,1.2000000104e-2,3.900000095,54.00000000,801000.0000,0.8260958904,1.659397715,32.25806500,procedure-dominant,1.000000000
neurotology,"Neurotology",7.000000000,7.000000000,2.349999905,3.4000001848e-2,11.60000038,51.20000076,613000.0000,0.1200000000,1.439205955,34.21052600,procedure-dominant,1.000000000
pediatric-otolaryngology,"Pediatric Otolaryngology",6.000000000,6.000000000,2.349999905,3.4000001848e-2,11.60000038,51.20000076,613000.0000,0.8260958904,1.439205955,64.28571400,procedure-dominant,1.000000000
blood-banking-transfusion-medicine,"Blood Banking/Transfusion Medicine",3.000000000,5.000000000,2.451100111,0.1120000035,47.79999924,43.59999847,409000.0000,0.3574600783,1.504716981,50.00000000,predominantly-clinical,0.000000000
chemical-pathology,"Chemical Pathology",3.000000000,5.000000000,2.451100111,0.1120000035,47.79999924,43.59999847,409000.0000,6.3272069901e-2,1.504716981,0.000000000,predominantly-clinical,0.000000000
cytopathology,"Cytopathology",3.000000000,5.000000000,2.451100111,0.1120000035,47.79999924,43.59999847,409000.0000,6.3272069901e-2,1.504716981,66.03773600,predominantly-clinical,0.000000000
forensic-pathology,"Forensic Pathology",3.000000000,5.000000000,2.451100111,0.1120000035,47.79999924,43.59999847,409000.0000,6.3272069901e-2,0.7183098592,57.14285700,predominantly-clinical,0.000000000
hematopathology,"Hematopathology",3.000000000,5.000000000,2.451100111,0.1120000035,47.79999924,43.59999847,409000.0000,6.3272069901e-2,0.9133858268,44.35483900,predominantly-clinical,0.000000000
medical-microbiology,"Medical Microbiology",5.000000000,5.000000000,2.451100111,0.1120000035,47.79999924,43.59999847,409000.0000,0.2325000000,1.504716981,77.77777800,predominantly-clinical,0.000000000
neuropathology,"Neuropathology",4.000000000,6.000000000,2.451100111,0.1120000035,47.79999924,43.59999847,409000.0000,6.3272069901e-2,1.504716981,50.90909100,predominantly-clinical,0.000000000
pediatric-pathology,"Pediatric Pathology",3.000000000,5.000000000,2.599999905,0.1120000035,47.79999924,38.09999847,409000.0000,0.8260958904,1.504716981,55.55555600,predominantly-clinical,0.000000000
selective-pathology,"Selective Pathology",3.000000000,5.000000000,2.451100111,0.1120000035,47.79999924,43.59999847,409000.0000,6.3272069901e-2,1.504716981,47.80219800,predominantly-clinical,0.000000000
adolescent-medicine,"Adolescent Medicine",6.000000000,6.000000000,2.599999905,2.9999999329e-2,13.60000038,38.09999847,265000.0000,0.3574600783,0.5555555556,78.57142900,predominantly-clinical,0.000000000
child-abuse-pediatrics,"Child Abuse Pediatrics",6.000000000,6.000000000,2.599999905,2.9999999329e-2,13.60000038,38.09999847,265000.0000,0.8260958904,0.5357142857,79.59183700,predominantly-clinical,0.000000000
developmental-behavioral-pediatrics,"Developmental-Behavioral Pediatrics",6.000000000,6.000000000,2.599999905,2.9999999329e-2,13.60000038,38.09999847,265000.0000,0.8260958904,0.7200000000,87.50000000,predominantly-clinical,0.000000000
neonatal-perinatal-medicine,"Neonatal-Perinatal Medicine",6.000000000,6.000000000,2.599999905,2.9999999329e-2,13.60000038,38.09999847,265000.0000,0.3574600783,0.8766233766,75.50535100,mixed-procedural-clinical,0.5000000000
pediatric-cardiology,"Pediatric Cardiology",6.000000000,6.000000000,2.973500013,2.9999999329e-2,13.60000038,30.70000076,634000.0000,3.000000000,1.113402062,53.59223300,mixed-procedural-clinical,0.5000000000
pediatric-critical-care-medicine,"Pediatric Critical Care Medicine",6.000000000,6.000000000,2.599999905,2.9999999329e-2,13.60000038,38.09999847,265000.0000,0.8260958904,0.9045454545,72.06349200,mixed-procedural-clinical,0.5000000000
pediatric-endocrinology,"Pediatric Endocrinology",6.000000000,6.000000000,2.451100111,2.9999999329e-2,13.60000038,38.09999847,265000.0000,0.8260958904,0.5283018868,81.32780100,predominantly-clinical,0.000000000
pediatric-gastroenterology,"Pediatric Gastroenterology",6.000000000,6.000000000,2.868000031,2.9999999329e-2,13.60000038,38.09999847,626000.0000,0.8260958904,1.032258065,68.87608100,mixed-procedural-clinical,0.5000000000
pediatric-hematology-oncology,"Pediatric Hematology/Oncology",6.000000000,6.000000000,2.400000095,2.9999999329e-2,13.60000038,38.09999847,265000.0000,4.600000000,0.8144329897,69.81132100,predominantly-clinical,0.000000000
pediatric-infectious-diseases,"Pediatric Infectious Diseases",6.000000000,6.000000000,2.599999905,2.9999999329e-2,13.60000038,38.09999847,321000.0000,0.8260958904,0.5930232558,59.64912300,predominantly-clinical,0.000000000
pediatric-nephrology,"Pediatric Nephrology",6.000000000,6.000000000,2.599999905,2.9999999329e-2,13.60000038,38.09999847,385000.0000,0.8260958904,0.4383561644,70.28985500,predominantly-clinical,0.000000000
pediatric-pulmonology,"Pediatric Pulmonology",6.000000000,6.000000000,2.599999905,2.9999999329e-2,13.60000038,38.09999847,265000.0000,0.8260958904,0.6781609195,71.27659600,predominantly-clinical,0.000000000
pediatric-rheumatology,"Pediatric Rheumatology",6.000000000,6.000000000,2.599999905,2.9999999329e-2,13.60000038,38.09999847,318000.0000,0.8260958904,0.5681818182,80.19802000,predominantly-clinical,0.000000000
pediatric-transplant-hepatology,"Pediatric Transplant Hepatology",7.000000000,7.000000000,2.868000031,2.9999999329e-2,13.60000038,38.09999847,459000.0000,0.8260958904,0.5333333333,86.66666700,predominantly-clinical,0.000000000
pediatric-hospital-medicine,"Pediatric Hospital Medicine",5.000000000,5.000000000,2.599999905,2.9999999329e-2,13.60000038,38.09999847,265000.0000,0.8260958904,0.9860139860,82.62711900,predominantly-clinical,0.000000000
brain-injury-medicine,"Brain Injury Medicine",4.000000000,5.000000000,2.451100111,1.2000000104e-2,3.900000095,43.59999847,348000.0000,0.1970000000,0.7333333333,50.00000000,mixed-procedural-clinical,0.5000000000
spinal-cord-injury-medicine,"Spinal Cord Injury Medicine",4.000000000,5.000000000,2.451100111,1.2000000104e-2,3.900000095,43.59999847,348000.0000,0.3574600783,0.6969696970,56.00000000,mixed-procedural-clinical,0.5000000000
pediatric-rehabilitation-medicine,"Pediatric Rehabilitation Medicine",5.000000000,5.000000000,2.451100111,1.2000000104e-2,3.900000095,38.09999847,265000.0000,0.8260958904,0.5172413793,84.61538500,mixed-procedural-clinical,0.5000000000
craniofacial-surgery,"Craniofacial Surgery",7.000000000,7.000000000,2.502799988,2.3000000510e-4,0.1000000015,51.20000076,725000.0000,0.5040000000,0.9771793943,48.27586200,procedure-dominant,1.000000000
addiction-medicine,"Addiction Medicine",2.000000000,4.000000000,2.450000048,5.0000000745e-2,21.70000076,43.59999847,327000.0000,0.7067796610,0.7416974170,53.77358500,predominantly-clinical,0.000000000
addiction-psychiatry,"Addiction Psychiatry",5.000000000,5.000000000,2.450000048,5.0000000745e-2,21.70000076,45.20000076,351000.0000,0.7067796610,0.7767857143,40.50632900,predominantly-clinical,0.000000000
child-and-adolescent-psychiatry,"Child and Adolescent Psychiatry",5.000000000,5.000000000,2.450000048,5.0000000745e-2,21.70000076,45.20000076,265000.0000,0.7067796610,0.9724310777,60.57971000,predominantly-clinical,0.000000000
forensic-psychiatry,"Forensic Psychiatry",5.000000000,5.000000000,2.450000048,5.0000000745e-2,21.70000076,45.20000076,351000.0000,0.7067796610,0.7280000000,46.80851100,predominantly-clinical,0.000000000
geriatric-psychiatry,"Geriatric Psychiatry",5.000000000,5.000000000,2.450000048,5.0000000745e-2,21.70000076,45.20000076,351000.0000,0.1297577855,1.141494436,64.10256400,predominantly-clinical,0.000000000
consultation-liaison-psychiatry,"Consultation-Liaison Psychiatry",5.000000000,5.000000000,2.450000048,5.0000000745e-2,21.70000076,45.20000076,351000.0000,0.7067796610,0.6842105263,47.41379300,predominantly-clinical,0.000000000
abdominal-radiology,"Abdominal Radiology",6.000000000,6.000000000,3.119999886,2.5000000373e-2,10.30000019,46.90000153,691000.0000,0.3875000000,1.119085174,47.82608700,predominantly-clinical,0.000000000
musculoskeletal-radiology,"Musculoskeletal Radiology",6.000000000,6.000000000,3.119999886,2.5000000373e-2,10.30000019,46.90000153,691000.0000,0.3875000000,0.7660550459,28.12500000,predominantly-clinical,0.000000000
neuroradiology,"Neuroradiology",6.000000000,6.000000000,3.119999886,2.5000000373e-2,10.30000019,46.90000153,691000.0000,0.3875000000,0.9174311927,20.00000000,predominantly-clinical,0.000000000
nuclear-radiology,"Nuclear Radiology",6.000000000,6.000000000,3.119999886,2.5000000373e-2,10.30000019,46.90000153,691000.0000,0.3875000000,1.119085174,23.07692300,predominantly-clinical,0.000000000
pediatric-radiology,"Pediatric Radiology",6.000000000,6.000000000,3.119999886,2.5000000373e-2,10.30000019,46.90000153,265000.0000,0.8260958904,1.119085174,32.14285700,predominantly-clinical,0.000000000
complex-general-surgical-oncology,"Complex General Surgical Oncology",7.000000000,7.000000000,2.502799988,3.2000001520e-2,12.69999981,51.20000076,513000.0000,0.2389000000,1.441558442,45.92592600,procedure-dominant,1.000000000
pediatric-surgery,"Pediatric Surgery",7.000000000,7.000000000,2.599999905,2.9999999329e-2,13.60000038,51.20000076,265000.0000,0.8260958904,1.404255319,57.30337100,procedure-dominant,1.000000000
surgical-critical-care,"Surgical Critical Care",4.000000000,6.000000000,2.502799988,3.2000001520e-2,12.69999981,51.20000076,513000.0000,2.280701754,0.8630136986,50.13404800,mixed-procedural-clinical,0.5000000000
vascular-surgery-independent,"Vascular Surgery - Independent",7.000000000,7.000000000,2.502799988,3.2000001520e-2,12.69999981,51.20000076,513000.0000,0.4235294118,1.226277372,34.87544500,procedure-dominant,1.000000000
congenital-cardiac-surgery,"Congenital Cardiac Surgery",9.000000000,9.000000000,2.502799988,3.2000001520e-2,12.69999981,51.20000076,513000.0000,0.2175206612,1.731958763,36.36363600,procedure-dominant,1.000000000
pediatric-urology,"Pediatric Urology",7.000000000,7.000000000,3.345799923,1.4999999665e-2,5.800000191,51.20000076,265000.0000,0.8260958904,0.9771793943,43.24324300,procedure-dominant,1.000000000
